"word","definition","date"
"1asd","1asd","2022-07-29T23:45:00.918Z"
"sadasd","sadasd","2022-07-29T23:45:00.918Z"
"asdas","dasd","2022-07-29T23:45:00.918Z"
"asdasd","asdasdassad","2022-07-29T23:45:00.918Z"
"sadasda","asdasda","2022-07-29T23:45:00.918Z"
"asdsadas","sadasds","2022-07-29T23:45:00.918Z"
"asd12312","","2022-07-29T23:45:00.918Z"
"sdasd","sadsad","2022-07-29T23:45:00.918Z"
"asdsadas2312","123123ad","2022-07-29T23:45:00.918Z"
"Something truly waly awfuk","","2022-07-29T23:45:00.918Z""word","definition","date"
"1asd","1asd","2022-07-29T23:45:00.918Z"
"sadasd","sadasd","2022-07-29T23:45:00.918Z"
"asdas","dasd","2022-07-29T23:45:00.918Z"
"asdasd","asdasdassad","2022-07-29T23:45:00.918Z"
"sadasda","asdasda","2022-07-29T23:45:00.918Z"
"asdsadas","sadasds","2022-07-29T23:45:00.918Z"
"asd12312","","2022-07-29T23:45:00.918Z"
"sdasd","sadsad","2022-07-29T23:45:00.918Z"
"asdsadas2312","123123ad","2022-07-29T23:45:00.918Z"
"Something truly waly awfuk","","2022-07-29T23:45:00.918Z""word","definition","date"
"1asd","1asd","2022-07-29T23:45:00.918Z"
"sadasd","sadasd","2022-07-29T23:45:00.918Z"
"asdas","dasd","2022-07-29T23:45:00.918Z"
"asdasd","asdasdassad","2022-07-29T23:45:00.918Z"
"sadasda","asdasda","2022-07-29T23:45:00.918Z"
"asdsadas","sadasds","2022-07-29T23:45:00.918Z"
"asd12312","","2022-07-29T23:45:00.918Z"
"sdasd","sadsad","2022-07-29T23:45:00.918Z"
"asdsadas2312","123123ad","2022-07-29T23:45:00.918Z"
"Something truly waly awfuk","","2022-07-29T23:45:00.918Z""word","definition","date"
"1asd","1asd","2022-07-29T23:45:00.918Z"
"sadasd","sadasd","2022-07-29T23:45:00.918Z"
"asdas","dasd","2022-07-29T23:45:00.918Z"
"asdasd","asdasdassad","2022-07-29T23:45:00.918Z"
"sadasda","asdasda","2022-07-29T23:45:00.918Z"
"asdsadas","sadasds","2022-07-29T23:45:00.918Z"
"asd12312","","2022-07-29T23:45:00.918Z"
"sdasd","sadsad","2022-07-29T23:45:00.918Z"
"asdsadas2312","123123ad","2022-07-29T23:45:00.918Z"
"Something truly waly awfuk","","2022-07-29T23:45:00.918Z""word","definition","date"
"1asd","1asd","2022-07-29T23:45:00.918Z"
"sadasd","sadasd","2022-07-29T23:45:00.918Z"
"asdas","dasd","2022-07-29T23:45:00.918Z"
"asdasd","asdasdassad","2022-07-29T23:45:00.918Z"
"sadasda","asdasda","2022-07-29T23:45:00.918Z"
"asdsadas","sadasds","2022-07-29T23:45:00.918Z"
"asd12312","","2022-07-29T23:45:00.918Z"
"sdasd","sadsad","2022-07-29T23:45:00.918Z"
"asdsadas2312","123123ad","2022-07-29T23:45:00.918Z"
"Something truly waly awfuk","","2022-07-29T23:45:00.918Z"